001;Galeno da Silva;"galeno.silva@gmail.com";33334455
002;Venice de Souza;"venice.souza@gmail.com";22112244
003;Geraldo Marques;"geraldo.marques@gmail.com";22113355
004;Eunice Vasques;"eunice.vasques@gmail.com";22433456
005;Juliana Andrade;"juliana.andrade@yahoo.com";32234554
006;Teatini de Oliveira;"teatini.oliveira@yahoo.com";22125577
007;Juarez Amorim;"juarez.amorim@hotmart.com";31124557
008;Silvana Azevedo;"silvana.azevedo@hotmart.com";42245665
